name,email,nickname,password
Dr. Brooke Frami,load-tester-frami.brooke.dr@example.com,load-tester-dr_brooke_frami,##Dq0y33JdNo55W0Aa
Angelina Walter,load-tester-walter.angelina@example.com,load-tester-angelina_walter,%&#^#$#^ThRkNp70Aa
Barry D'Amore Jr.,load-tester-amore.d.barry.jr@example.org,load-tester-d.jr.amore.barry,@!^%^%$kP0Aa
Rossie Ritchie,load-tester-rossie_ritchie@example.com,load-tester-rossie.ritchie,%#%*&@NdKw4tFoR0Aa
Marilie Hirthe,load-tester-marilie.hirthe@example.com,load-tester-marilie_hirthe,*^*#^!PzDzF7Lj6vO0Aa
Nathen Roberts II,load-tester-nathen_ii_roberts@example.com,load-tester-roberts_ii_nathen,!tSk2rHuCnW3D718T2Io0Aa
Deron Wehner,load-tester-deron.wehner@example.org,load-tester-deron_wehner,#%!!*#$*8s273bF58fV0Aa
Ollie Marks,load-tester-marks.ollie@example.com,load-tester-ollie_marks,@@@s8cHf0Aa
Mr. Gonzalo Zboncak,load-tester-zboncak.gonzalo.mr@example.org,load-tester-mr.gonzalo.zboncak,&^%&Pj78Do60Aa
Dena Kovacek Sr.,load-tester-dena_kovacek_sr@example.org,load-tester-dena_kovacek_sr,!#@2J43gPeUbM0Aa
Stephania Altenwerth,load-tester-stephania_altenwerth@example.com,load-tester-stephania_altenwerth,&@^*8o3sDb11VrJ0Aa
Bette Schulist,load-tester-bette.schulist@example.net,load-tester-schulist_bette,%3La3lBj09Nc3kT0Aa
Thurman Bartoletti V,load-tester-bartoletti.v.thurman@example.org,load-tester-v.thurman.bartoletti,%%%850Lv0Aa
Adaline Lowe DVM,load-tester-dvm_lowe_adaline@example.com,load-tester-lowe.adaline.dvm,#@^&$*$*0Aa
Drake Wolff,load-tester-drake.wolff@example.net,load-tester-wolff.drake,%&!!%%I44c8n86SpF0Aa
Berry Nolan,load-tester-berry.nolan@example.net,load-tester-nolan_berry,!$&%##^iQd5n0Aa
Travis Kovacek,load-tester-travis_kovacek@example.org,load-tester-kovacek.travis,^r9g8y290Aa
Athena Dach,load-tester-dach_athena@example.com,load-tester-dach_athena,&&%*&q3zFeM0Aa
Shanelle Thompson,load-tester-shanelle_thompson@example.org,load-tester-shanelle_thompson,**!@$gMqUeHz2n0Aa
Adrian Bernhard,load-tester-bernhard_adrian@example.net,load-tester-bernhard.adrian,##*%@cLxG0NmTu1lN4F0Aa
Orlo Homenick,load-tester-orlo.homenick@example.com,load-tester-orlo_homenick,@!#&!qDaXm0j40Aa
Betsy Reynolds,load-tester-betsy_reynolds@example.org,load-tester-reynolds.betsy,*&**G86jY8T36uPpApI0Aa
Zane Bednar,load-tester-bednar.zane@example.com,load-tester-bednar.zane,$*^##$$%V783RlAk50Aa
Osborne Gerhold,load-tester-osborne_gerhold@example.org,load-tester-gerhold.osborne,#&&%$&Qq1s84Tm3b0Aa
Dr. Claudia Baumbach,load-tester-dr.claudia.baumbach@example.org,load-tester-claudia.dr.baumbach,$#**&f1i0Aa
Magnolia VonRueden,load-tester-vonrueden.magnolia@example.com,load-tester-magnolia.vonrueden,!@!g4mJvYoDjYj0iIz0Aa
Bradly Hilpert,load-tester-bradly_hilpert@example.net,load-tester-bradly.hilpert,@&$8O1P6WvTgEe1zYz0Aa
Miss Margie Hodkiewicz,load-tester-miss_margie_hodkiewicz@example.net,load-tester-margie.hodkiewicz.miss,#r4kNzFt4nU340Aa
Gay Bosco,load-tester-gay.bosco@example.com,load-tester-gay.bosco,*$@%@@LcXhHgKj2pA9V0Aa
Bonita Kuhlman MD,load-tester-bonita.kuhlman.md@example.com,load-tester-md_bonita_kuhlman,*!$^AsEwVd0Aa
Mrs. Daphney Rice,load-tester-mrs.daphney.rice@example.com,load-tester-mrs.rice.daphney,%*PfAqW9Al5bF0Aa
John Kuhn,load-tester-john.kuhn@example.net,load-tester-john_kuhn,*!!&^r6g094o0Aa
Amber Ritchie,load-tester-ritchie.amber@example.org,load-tester-ritchie.amber,$@*vUx0o0Aa
Howard Schmitt,load-tester-schmitt_howard@example.com,load-tester-howard_schmitt,&^%$^@$$I7TyXmSyJ0Aa
Gladyce Ryan,load-tester-gladyce_ryan@example.org,load-tester-gladyce_ryan,&^*@$%!z1m66J71pG30Aa
Mrs. Maiya Koss,load-tester-mrs.koss.maiya@example.org,load-tester-maiya_mrs_koss,^!%$$#!^5vBvR3YlJo0Aa
Austen McClure,load-tester-austen_mcclure@example.net,load-tester-mcclure.austen,$*1uQfTc96Ig5iW9X750Aa
Loren Wolf,load-tester-wolf.loren@example.com,load-tester-loren_wolf,#vS5Co232lSk0Aa
Steve Nader DVM,load-tester-steve.nader.dvm@example.com,load-tester-dvm.nader.steve,@z063wG4X2Tf90Aa
Mrs. Unique Cummerata,load-tester-unique.mrs.cummerata@example.net,load-tester-unique.cummerata.mrs,$#!&^*@gDfNg0Aa
Mozelle Hoppe,load-tester-hoppe_mozelle@example.com,load-tester-mozelle_hoppe,!$^$%&%e45L0Aa
Bernie Willms III,load-tester-iii_willms_bernie@example.net,load-tester-iii.bernie.willms,#*@%%*$*FnA0Aa
Jonatan Jacobs,load-tester-jonatan.jacobs@example.org,load-tester-jonatan.jacobs,%*@!^^*%8fUuD74yL0Aa
Dr. Willard Robel,load-tester-robel_dr_willard@example.org,load-tester-dr.willard.robel,!^!@IyMfFnO9Jz44O0Aa
Miss Oswaldo Kreiger,load-tester-kreiger_oswaldo_miss@example.net,load-tester-miss.kreiger.oswaldo,&#Rg0v1t410Aa
Maye Collier,load-tester-collier.maye@example.org,load-tester-collier_maye,*!!@MjWmYn0Aa
Daija Effertz,load-tester-daija_effertz@example.com,load-tester-effertz_daija,@!Gj8rJp0Aa
Mrs. Allan Breitenberg,load-tester-breitenberg.mrs.allan@example.net,load-tester-breitenberg_allan_mrs,#!#!7vKaYwGiC7HsQ40Aa
Aurore Romaguera,load-tester-romaguera.aurore@example.net,load-tester-romaguera_aurore,*#$!Mi82TxMsVkTy0Aa
Lonny Stoltenberg Jr.,load-tester-jr.lonny.stoltenberg@example.org,load-tester-lonny.jr.stoltenberg,@%^@#!Sx60N0Aa
Colleen Simonis,load-tester-simonis_colleen@example.org,load-tester-colleen_simonis,!&0gR0MzOxHhPd0Aa
Edwin Harvey,load-tester-harvey_edwin@example.com,load-tester-harvey.edwin,&*!%#*&#WhN1Vr1eIz0Aa
Arlene Sauer,load-tester-sauer_arlene@example.net,load-tester-arlene.sauer,#!^$%#Uy3vI6Tu20Aa
Sibyl Bednar DVM,load-tester-dvm.sibyl.bednar@example.org,load-tester-dvm.bednar.sibyl,*qU3P7WwFr1p4oCb0Aa
Mr. Sven Schinner,load-tester-schinner.mr.sven@example.org,load-tester-schinner_mr_sven,^&%**^$j38KdE70Aa
Damian Hauck,load-tester-hauck_damian@example.net,load-tester-damian.hauck,@@$%L12s4fCn0Aa
Kristy Hermiston,load-tester-kristy.hermiston@example.com,load-tester-hermiston_kristy,@#@fAl47W4B8R0Aa
Roy Kemmer,load-tester-kemmer_roy@example.com,load-tester-roy_kemmer,&^*bDv9t653jU8Jj17Nw0Aa
Micheal DuBuque,load-tester-micheal_dubuque@example.net,load-tester-micheal_dubuque,%*@@*q3yPlX0Aa
Bettie Braun DVM,load-tester-dvm.braun.bettie@example.com,load-tester-dvm_bettie_braun,*^Tq9d2c3iAoA0D90Aa
Mateo O'Reilly,load-tester-mateo_o_reilly@example.com,load-tester-o.mateo.reilly,%$&!#cCw69Lc8nDuY0Aa
Merlin Kautzer II,load-tester-kautzer.ii.merlin@example.com,load-tester-ii.merlin.kautzer,@*#@!##@0Aa
Ayla Schaden,load-tester-ayla_schaden@example.org,load-tester-schaden.ayla,%#@#Bz78JpSvJoVeVcI0Aa
Merl Rohan,load-tester-rohan.merl@example.org,load-tester-merl_rohan,$!@^^*Gl0aZvGxVjT50Aa
Jaleel Terry,load-tester-terry_jaleel@example.org,load-tester-terry_jaleel,&&*@@@0bB5P0Aa
Israel Mayer III,load-tester-israel.mayer.iii@example.com,load-tester-israel_iii_mayer,#@I4UpHr8f677nCiLsRh0Aa
Lora Daniel MD,load-tester-md.lora.daniel@example.net,load-tester-daniel.lora.md,*^@%$@&k0Aa
Fleta Grimes,load-tester-grimes_fleta@example.com,load-tester-fleta_grimes,$&Zd8uAvBiOcK80Aa
Miss Abe Muller,load-tester-muller_miss_abe@example.net,load-tester-abe_muller_miss,&@#*@@@@Y9O84i9tJ0Aa
Domenica Haag,load-tester-haag.domenica@example.net,load-tester-domenica.haag,&#YqPeQf0Aa
Naomie Hauck,load-tester-hauck_naomie@example.com,load-tester-naomie.hauck,#^%#^%Q1V3HfQ0Aa
Hannah McLaughlin,load-tester-mclaughlin_hannah@example.net,load-tester-mclaughlin_hannah,$#@@%@%%Xx0Aa
Walter Swaniawski,load-tester-swaniawski.walter@example.net,load-tester-walter_swaniawski,!4VeFpI710Aa
Therese Hauck,load-tester-hauck.therese@example.net,load-tester-therese_hauck,@$$$$*!@H78mZjU7R6H20Aa
Elaina Kerluke,load-tester-elaina.kerluke@example.org,load-tester-kerluke.elaina,#%X2F13e37Lc9u57390Aa
Wellington Miller,load-tester-wellington.miller@example.org,load-tester-wellington.miller,&*&*&$*#Ov4mT7N0Aa
Flo Pouros,load-tester-pouros.flo@example.org,load-tester-pouros.flo,%@#jWaQmNhY94yW0Aa
Carter Halvorson,load-tester-carter.halvorson@example.com,load-tester-carter.halvorson,&@@44vFqM0843bCvP0Aa
Tania Johns,load-tester-tania_johns@example.com,load-tester-johns.tania,&&@58l6jT0Aa
Carmelo Beier,load-tester-beier.carmelo@example.org,load-tester-carmelo.beier,#&^%&6Aq0Aa
Branson Hand,load-tester-hand_branson@example.net,load-tester-branson_hand,**!%IjO1NmElY0Aa
Ken Kuvalis,load-tester-kuvalis_ken@example.net,load-tester-kuvalis.ken,$#$*@@H0P3SyB0Aa
Miss Boris Hauck,load-tester-boris.hauck.miss@example.org,load-tester-miss.hauck.boris,#%##@#!&AlC0Aa
Adolphus Koelpin,load-tester-adolphus.koelpin@example.org,load-tester-koelpin_adolphus,%$#81qYl10XiRj4pI0Aa
Michelle Roberts,load-tester-roberts.michelle@example.org,load-tester-michelle_roberts,%#*&^#IbLoOrCm0Aa
Hugh Sanford,load-tester-hugh_sanford@example.org,load-tester-hugh_sanford,%#&&&#1eN0Aa
Matt Adams,load-tester-matt_adams@example.com,load-tester-adams.matt,$*!@Ka2kUzRj4mSm0Aa
Audrey Raynor,load-tester-audrey.raynor@example.net,load-tester-audrey_raynor,#^%$*nGnXfBcHqL1XjQ0Aa
Eldred Cole,load-tester-cole_eldred@example.com,load-tester-cole.eldred,#*HsLu9cPrB6EmZ6EcK0Aa
Reymundo Reynolds,load-tester-reynolds_reymundo@example.com,load-tester-reymundo.reynolds,***$@#C7IhQ0Aa
Fern Kozey,load-tester-kozey.fern@example.net,load-tester-fern_kozey,@@Ip854vF5Ce1xArU0Aa
Lucas Harris,load-tester-harris.lucas@example.net,load-tester-harris.lucas,*9OmY4Fs7rCpK0Aa
Daniella Jacobi,load-tester-jacobi_daniella@example.com,load-tester-daniella_jacobi,%@^$%5ZjRw0Aa
Sophie Kozey,load-tester-kozey.sophie@example.org,load-tester-sophie_kozey,&#$eUk0bMoMc0Aa
Aric Parker,load-tester-aric.parker@example.com,load-tester-aric.parker,&&!1Et7dK1A6V7Zd0Aa
Aditya O'Hara,load-tester-hara_aditya_o@example.org,load-tester-aditya_hara_o,$%P7H8M2ZuUgZ80Aa
Lucile Collier,load-tester-lucile.collier@example.com,load-tester-lucile_collier,#!@*@&3550Ab0Aa
Nico Schroeder,load-tester-schroeder.nico@example.org,load-tester-schroeder_nico,^3Z5HmEz20Aa
Dr. Yasmin Hammes,load-tester-dr.hammes.yasmin@example.org,load-tester-dr_yasmin_hammes,&$%@&x4qD8Z8X0Aa
Crystel Bayer,load-tester-crystel_bayer@example.com,load-tester-crystel_bayer,%^#%TuYyGe6cJvW70Aa
